Load Forecast,Time Stamp
631,2019-11-07 00:00:00
611,2019-11-07 01:00:00
602,2019-11-07 02:00:00
600,2019-11-07 03:00:00
620,2019-11-07 04:00:00
680,2019-11-07 05:00:00
775,2019-11-07 06:00:00
814,2019-11-07 07:00:00
817,2019-11-07 08:00:00
814,2019-11-07 09:00:00
816,2019-11-07 10:00:00
803,2019-11-07 11:00:00
796,2019-11-07 12:00:00
794,2019-11-07 13:00:00
791,2019-11-07 14:00:00
799,2019-11-07 15:00:00
843,2019-11-07 16:00:00
898,2019-11-07 17:00:00
901,2019-11-07 18:00:00
878,2019-11-07 19:00:00
835,2019-11-07 20:00:00
784,2019-11-07 21:00:00
728,2019-11-07 22:00:00
686,2019-11-07 23:00:00
665,2019-11-08 00:00:00
648,2019-11-08 01:00:00
640,2019-11-08 02:00:00
643,2019-11-08 03:00:00
667,2019-11-08 04:00:00
732,2019-11-08 05:00:00
829,2019-11-08 06:00:00
869,2019-11-08 07:00:00
873,2019-11-08 08:00:00
863,2019-11-08 09:00:00
850,2019-11-08 10:00:00
833,2019-11-08 11:00:00
817,2019-11-08 12:00:00
813,2019-11-08 13:00:00
811,2019-11-08 14:00:00
819,2019-11-08 15:00:00
856,2019-11-08 16:00:00
905,2019-11-08 17:00:00
907,2019-11-08 18:00:00
884,2019-11-08 19:00:00
851,2019-11-08 20:00:00
813,2019-11-08 21:00:00
764,2019-11-08 22:00:00
719,2019-11-08 23:00:00
700,2019-11-09 00:00:00
678,2019-11-09 01:00:00
667,2019-11-09 02:00:00
663,2019-11-09 03:00:00
673,2019-11-09 04:00:00
705,2019-11-09 05:00:00
744,2019-11-09 06:00:00
779,2019-11-09 07:00:00
816,2019-11-09 08:00:00
829,2019-11-09 09:00:00
823,2019-11-09 10:00:00
803,2019-11-09 11:00:00
783,2019-11-09 12:00:00
771,2019-11-09 13:00:00
770,2019-11-09 14:00:00
785,2019-11-09 15:00:00
828,2019-11-09 16:00:00
878,2019-11-09 17:00:00
879,2019-11-09 18:00:00
853,2019-11-09 19:00:00
818,2019-11-09 20:00:00
780,2019-11-09 21:00:00
732,2019-11-09 22:00:00
692,2019-11-09 23:00:00
666,2019-11-10 00:00:00
640,2019-11-10 01:00:00
630,2019-11-10 02:00:00
627,2019-11-10 03:00:00
632,2019-11-10 04:00:00
653,2019-11-10 05:00:00
683,2019-11-10 06:00:00
718,2019-11-10 07:00:00
765,2019-11-10 08:00:00
791,2019-11-10 09:00:00
795,2019-11-10 10:00:00
786,2019-11-10 11:00:00
777,2019-11-10 12:00:00
767,2019-11-10 13:00:00
765,2019-11-10 14:00:00
779,2019-11-10 15:00:00
827,2019-11-10 16:00:00
877,2019-11-10 17:00:00
877,2019-11-10 18:00:00
850,2019-11-10 19:00:00
808,2019-11-10 20:00:00
753,2019-11-10 21:00:00
697,2019-11-10 22:00:00
654,2019-11-10 23:00:00
622,2019-11-11 00:00:00
608,2019-11-11 01:00:00
603,2019-11-11 02:00:00
607,2019-11-11 03:00:00
631,2019-11-11 04:00:00
695,2019-11-11 05:00:00
796,2019-11-11 06:00:00
843,2019-11-11 07:00:00
853,2019-11-11 08:00:00
859,2019-11-11 09:00:00
861,2019-11-11 10:00:00
844,2019-11-11 11:00:00
833,2019-11-11 12:00:00
831,2019-11-11 13:00:00
828,2019-11-11 14:00:00
839,2019-11-11 15:00:00
891,2019-11-11 16:00:00
947,2019-11-11 17:00:00
949,2019-11-11 18:00:00
926,2019-11-11 19:00:00
888,2019-11-11 20:00:00
837,2019-11-11 21:00:00
776,2019-11-11 22:00:00
725,2019-11-11 23:00:00
700,2019-11-12 00:00:00
683,2019-11-12 01:00:00
675,2019-11-12 02:00:00
677,2019-11-12 03:00:00
700,2019-11-12 04:00:00
763,2019-11-12 05:00:00
861,2019-11-12 06:00:00
899,2019-11-12 07:00:00
900,2019-11-12 08:00:00
892,2019-11-12 09:00:00
885,2019-11-12 10:00:00
863,2019-11-12 11:00:00
848,2019-11-12 12:00:00
840,2019-11-12 13:00:00
838,2019-11-12 14:00:00
848,2019-11-12 15:00:00
897,2019-11-12 16:00:00
953,2019-11-12 17:00:00
967,2019-11-12 18:00:00
947,2019-11-12 19:00:00
911,2019-11-12 20:00:00
862,2019-11-12 21:00:00
805,2019-11-12 22:00:00
759,2019-11-12 23:00:00
