Load Forecast,Time Stamp
859,2019-12-20 00:00:00
831,2019-12-20 01:00:00
822,2019-12-20 02:00:00
825,2019-12-20 03:00:00
845,2019-12-20 04:00:00
906,2019-12-20 05:00:00
1011,2019-12-20 06:00:00
1069,2019-12-20 07:00:00
1068,2019-12-20 08:00:00
1052,2019-12-20 09:00:00
1033,2019-12-20 10:00:00
996,2019-12-20 11:00:00
969,2019-12-20 12:00:00
957,2019-12-20 13:00:00
953,2019-12-20 14:00:00
962,2019-12-20 15:00:00
1016,2019-12-20 16:00:00
1074,2019-12-20 17:00:00
1074,2019-12-20 18:00:00
1061,2019-12-20 19:00:00
1039,2019-12-20 20:00:00
1000,2019-12-20 21:00:00
943,2019-12-20 22:00:00
883,2019-12-20 23:00:00
838,2019-12-21 00:00:00
810,2019-12-21 01:00:00
796,2019-12-21 02:00:00
790,2019-12-21 03:00:00
797,2019-12-21 04:00:00
820,2019-12-21 05:00:00
859,2019-12-21 06:00:00
909,2019-12-21 07:00:00
949,2019-12-21 08:00:00
970,2019-12-21 09:00:00
964,2019-12-21 10:00:00
940,2019-12-21 11:00:00
914,2019-12-21 12:00:00
892,2019-12-21 13:00:00
882,2019-12-21 14:00:00
890,2019-12-21 15:00:00
939,2019-12-21 16:00:00
991,2019-12-21 17:00:00
983,2019-12-21 18:00:00
969,2019-12-21 19:00:00
946,2019-12-21 20:00:00
909,2019-12-21 21:00:00
858,2019-12-21 22:00:00
808,2019-12-21 23:00:00
769,2019-12-22 00:00:00
741,2019-12-22 01:00:00
728,2019-12-22 02:00:00
724,2019-12-22 03:00:00
727,2019-12-22 04:00:00
743,2019-12-22 05:00:00
774,2019-12-22 06:00:00
816,2019-12-22 07:00:00
850,2019-12-22 08:00:00
865,2019-12-22 09:00:00
857,2019-12-22 10:00:00
842,2019-12-22 11:00:00
827,2019-12-22 12:00:00
811,2019-12-22 13:00:00
807,2019-12-22 14:00:00
822,2019-12-22 15:00:00
879,2019-12-22 16:00:00
934,2019-12-22 17:00:00
928,2019-12-22 18:00:00
916,2019-12-22 19:00:00
893,2019-12-22 20:00:00
848,2019-12-22 21:00:00
788,2019-12-22 22:00:00
742,2019-12-22 23:00:00
702,2019-12-23 00:00:00
682,2019-12-23 01:00:00
677,2019-12-23 02:00:00
681,2019-12-23 03:00:00
700,2019-12-23 04:00:00
753,2019-12-23 05:00:00
847,2019-12-23 06:00:00
903,2019-12-23 07:00:00
902,2019-12-23 08:00:00
894,2019-12-23 09:00:00
880,2019-12-23 10:00:00
853,2019-12-23 11:00:00
834,2019-12-23 12:00:00
823,2019-12-23 13:00:00
818,2019-12-23 14:00:00
829,2019-12-23 15:00:00
877,2019-12-23 16:00:00
936,2019-12-23 17:00:00
936,2019-12-23 18:00:00
928,2019-12-23 19:00:00
907,2019-12-23 20:00:00
865,2019-12-23 21:00:00
803,2019-12-23 22:00:00
742,2019-12-23 23:00:00
684,2019-12-24 00:00:00
660,2019-12-24 01:00:00
647,2019-12-24 02:00:00
641,2019-12-24 03:00:00
649,2019-12-24 04:00:00
673,2019-12-24 05:00:00
722,2019-12-24 06:00:00
763,2019-12-24 07:00:00
781,2019-12-24 08:00:00
800,2019-12-24 09:00:00
795,2019-12-24 10:00:00
784,2019-12-24 11:00:00
763,2019-12-24 12:00:00
753,2019-12-24 13:00:00
745,2019-12-24 14:00:00
744,2019-12-24 15:00:00
769,2019-12-24 16:00:00
790,2019-12-24 17:00:00
762,2019-12-24 18:00:00
748,2019-12-24 19:00:00
744,2019-12-24 20:00:00
737,2019-12-24 21:00:00
716,2019-12-24 22:00:00
690,2019-12-24 23:00:00
662,2019-12-25 00:00:00
642,2019-12-25 01:00:00
632,2019-12-25 02:00:00
630,2019-12-25 03:00:00
633,2019-12-25 04:00:00
654,2019-12-25 05:00:00
688,2019-12-25 06:00:00
726,2019-12-25 07:00:00
747,2019-12-25 08:00:00
757,2019-12-25 09:00:00
755,2019-12-25 10:00:00
748,2019-12-25 11:00:00
738,2019-12-25 12:00:00
723,2019-12-25 13:00:00
714,2019-12-25 14:00:00
719,2019-12-25 15:00:00
742,2019-12-25 16:00:00
767,2019-12-25 17:00:00
760,2019-12-25 18:00:00
756,2019-12-25 19:00:00
751,2019-12-25 20:00:00
728,2019-12-25 21:00:00
696,2019-12-25 22:00:00
668,2019-12-25 23:00:00
